seed_keyword,keyword,source,rank
다이어트,다이어트,kizad,1
다이어트,알룰로스,kizad,2
다이어트,자이로토닉,kizad,3
다이어트,비만클리닉,kizad,4
다이어트,사업아이템,kizad,5
다이어트,다이어트한의원,kizad,6
다이어트,감비환,kizad,7
다이어트,다이어트한약,kizad,8
다이어트,한방다이어트,kizad,9
다이어트,줌바댄스,kizad,10
다이어트,댄스다이어트,kizad,11
다이어트,다이어트음식,kizad,12
다이어트,다이어트운동,kizad,13
다이어트,다이어트영어,kizad,14
다이어트,클렌즈다이어트,kizad,15
다이어트,다이어트방법,kizad,16
다이어트,단기간다이어트,kizad,17
다이어트,다이어트식단,kizad,18
다이어트,다이어트보조제순위,kizad,19
다이어트,다이어트약,kizad,20
